"ZONE","PAYS","VILLE","UNIVERSITE PARTENAIRE OFFRE DE SÉJOUR","Cadre / Type de mobilité","Nombre places","Commentaires pour les étudiants
Les informations sont données à titre indicatif. Elles peuvent être modifiées par l'université d'accueil au moment de l'établissement du dossier d'inscription.","Category (indicative) C1/C2/C3","ANGLAIS","Langue Locale","DEPART E4","DEPART E5","DEPART en E4
pour le 1er semestre E4","DEPART en E4
pour le 2e semestre E4","DEPART en E5
pour le 1e semestre E5","AIC","BIO","CYB","DSIA","ENE","GI","INF","SE","SEI","Parcours MGT en 5e année","DEPART Apprentis pour le 1e semestre E5","FE","FG","FI","FR","FT","Parcours MGT"
"AMERIQUE DU NORD","CANADA","CHICOUTIMI (QC)","UNIVERSITÉ DU QUÉBEC A CHICOUTIMI","Accord spécifique / MoA","5","pour GI : parcours orienté ""mécanique""","C2","","FR","","OUI","","","OUI","OUI","","OUI","OUI","","OUI","OUI","OUI","","","OUI","OUI","OUI","OUI","OUI","",""
"AMERIQUE DU NORD","CANADA","MONTREAL (QC)","UNIVERSITÉ DU QUÉBEC A MONTRÉAL","Accord spécifique / MoA","5","Sélectioner les programmes courts uniquement (1 trimestre)","C1+","","FR","OUI","OUI","OUI","","OUI","OUI","","OUI","OUI","","","OUI","","","","","","","","","",""
"AMERIQUE DU NORD","CANADA","QUÉBEC (QC)","UNIVERSITÉ LAVAL
Faculté des Sciences et de Génie","Accord spécifique / MoA","4
(DD et échange)","Notez que pour la filière GI : seul le baccalauréat de Génie Industriel est ouvert au programme d'échange.
Sont donc concernés les étudiants E4GI","C1","","FR","OUI","OUI","OUI","","OUI","OUI","OUI","OUI","OUI","","OUI","OUI","","","","OUI","","","OUI","OUI","",""
"AMERIQUE DU NORD","CANADA","SHERBROOKE (QC)","UNIVERSITÉ DE SHERBROOKE","Accord spécifique / MoA","5","Programme payant - voir grille tarifaire publique sur l'intranet. Pour GI : parcours orienté ""mécanique""","C2","","FR","OUI","OUI","OUI","","OUI","OUI","OUI","OUI","OUI","OUI","OUI","OUI","OUI","OUI","","OUI","OUI","OUI","OUI","OUI","OUI",""
"AMERIQUE DU NORD","ÉTATS-UNIS","ALBUQUERQUE","UNIVERSITY OF NEW MEXICO","Accord spécifique / MoA","2","Frais de dossiers Niveau Anglais B2","C2","OUI","","OUI","OUI","OUI","","OUI","OUI","OUI","OUI","OUI","","OUI","OUI","OUI","OUI","","OUI","OUI","OUI","OUI","OUI","",""
"AMERIQUE DU NORD","ÉTATS-UNIS","IRVINE","UNIVERSITY OF CALIFORNIA - IRVINE 
(CDP Cybersecurity)","Accord spécifique / MoA","Min 15","Programme ESIEE Paris - UCI ""Custom Design Program"" (CDP) Cybersecurity - compatible norme ANSII (tarif des ACP avec 20% de réduction) -TOEIC 685
Le CDP nécessite un minimum de 15 étudiants intéressés pour être organisé.","C3","OUI","","","OUI","","","OUI","OUI","","OUI","","","","","","","","OUI","","","","OUI","",""
"AMERIQUE DU NORD","ÉTATS-UNIS","IRVINE","UNIVERSITY OF CALIFORNIA - IRVINE","Accord spécifique / MoA","non limité","Certificats payants (20% de réduction sur le tarif public) - TOEIC 685  Voir guide de la mobilité - section double-diplômes - autres programmes","C3","OUI","","","OUI","","","OUI","OUI","MGT","OUI","OUI","MGT","MGT","MGT","MGT","MGT","OUI","OUI","MGT","MGT","MGT","OUI","MGT","OUI"
"AMERIQUE DU NORD","ÉTATS-UNIS","LAS VEGAS","UNIVERSITY OF NEVADA, LAS VEGAS","Accord spécifique / MoA","non limité","Programme ""Go for PhD"" : Cours E5-S1, puis projet de 6 mois (S2) pour poursuivre sur un research assistant (PhD) -
Toeic : 650 - Frais de scolarité  (voir site Université - tarifs publics)","C2","OUI","","","OUI","","","OUI","OUI","OUI","OUI","OUI","OUI","","OUI","OUI","OUI","","","","","","","",""
"AMERIQUE DU NORD","ÉTATS-UNIS","SAN DIEGO","UNIVERSITY OF CALIFORNIA - SAN DIEGO","Accord spécifique / MoA","non limité","Programme UPS Track 1 à 3 - Programme payant (Voir site de l'université). Les assurances sont obligatoires à prendre sur place (payant 800 dollars)
12/20 de moyenne exigée
Exigences des 4 compétences (Listening, Reading, Speaking, Writing) Tests accepté : Duolingo :  https://englishtest.duolingo.com/applicants","C2","OUI","","OUI","OUI","OUI","","OUI","OUI","OUI","","OUI","","","OUI","OUI","OUI","","OUI","OUI","","OUI","","",""
"AMERIQUE DU NORD","ÉTATS-UNIS","SANTA BARBARA","UNIVERSITY OF CALIFORNIA - SANTA BARBARA","Accord spécifique / MoA","25","University Immersion Program (UIP) - Programme payant (voir site université) pour 1 quarter (12 SCHF) 12/20 de moyenne
Tests acceptés : Toeic 760 / Duolingo. Exigences des 4 compétences (Listening, Reading, Speaking,
Writing)","C2","OUI","","","OUI","","","OUI","MGT","MGT","OUI","MGT","MGT","MGT","MGT","OUI","OUI","OUI","OUI","OUI","MGT","MGT","MGT","MGT","OUI"
"AMERIQUE LATINE","BRÉSIL","BELO HORIZONTE","PONTIFICIA UNIVERSIDADE CATOLICA DE  MINAS GERAIS","Accord spécifique / MoA","5","","C2","","POR","OUI","OUI","OUI","OUI","OUI","OUI","","","","","","OUI","","","","OUI","","","OUI","","",""
"AMERIQUE LATINE","BRÉSIL","CAMPINAS","UNIVERSIDADE ESTADUAL DE CAMPINAS","Accord spécifique / MoA","5","","C2","","POR","OUI","OUI","OUI","OUI","OUI","OUI","","","","","OUI","OUI","OUI","OUI","","OUI","OUI","OUI","","","",""
"AMERIQUE LATINE","BRÉSIL","SAO JOSE DOS CAMPOS","INSTITUTO TECNOLÓGICO DE AERONÁUTICA","Accord spécifique / MoA","6","Semestre validés avec un minimum de 10 crédits de l'ITA.","C2","","POR","OUI","OUI","OUI","","OUI","OUI","","","OUI","","","OUI","OUI","OUI","","OUI","OUI","","OUI","","",""
"AMERIQUE LATINE","CHILI","SANTIAGO DE CHILE","UNIVERSIDAD ADOLFO IBÁÑEZ","Accord spécifique / MoA","2","Campus Vina del Mar - Le niveau B2 est fortement recommandé pour réussir les cours d'espagnol. Que des cours en undergraduate.","C2/3","OUI","ESP","OUI","OUI","OUI","OUI","OUI","OUI","OUI","","OUI","OUI","OUI","OUI","","","","OUI","","OUI","OUI","OUI","OUI",""
"AMERIQUE LATINE","CHILI","VALPARAISO","PONTIFICIA UNIVERSIDAD CATÓLICA DE  VALPARAÍSO","Accord spécifique / MoA","2","Niveau de langue Espagnol B2","C2/3","","ESP","OUI","OUI","OUI","OUI","OUI","OUI","","OUI","OUI","OUI","OUI","OUI","OUI","OUI","","OUI","OUI","OUI","OUI","","OUI",""
"AMERIQUE LATINE","CHILI","VALPARAISO","UNIVERSIDAD ANDRÉS BELLO","Accord spécifique / MoA","4","Niveau de langue Espagnol B2","C2/3","OUI","ESP","OUI","OUI","OUI","OUI","OUI","OUI","","","","","OUI","OUI","","","","OUI","","OUI","OUI","OUI","",""
"AMERIQUE LATINE","CHILI","VALPARAISO","UNIVERSIDAD TECNICA FEDERICO SANTA  MARIA","Accord spécifique / MoA","3 par semestre","Niveau de langue Espagnol B1 / Moyenne 12 sur 20","C1","OUI","ESP","OUI","OUI","OUI","OUI","OUI","OUI","","","","OUI","OUI","OUI","OUI","","","OUI","OUI","OUI","OUI","","OUI",""
"AMERIQUE LATINE","MEXIQUE","MONTERREY","TECNOLÓGICO DE MONTERREY","Accord spécifique / MoA","6","Campus de Monterrey uniquement. Examens sur le campus de Monterrey.","C2","OUI","ESP","OUI","OUI","OUI","","OUI","OUI","OUI","OUI","OUI","OUI","","OUI","OUI","OUI","","OUI","","","OUI","OUI","OUI",""
"ASIE","CHINE","PEKIN","BEIJING JIAOTONG UNIVERSITY","Accord spécifique / MoA","3","Les universités Chinoises n'acceptent pas d'étudiants de nationalité Chinoise en échange internationaux.","C3","OUI","","OUI","OUI","OUI","OUI","OUI","OUI","","OUI","","","","OUI","","","","OUI","","","OUI","OUI","",""
"ASIE","CHINE","XI'AN","NORTHWESTERN POLYTECHNIC UNIVERSITY","Accord spécifique / MoA","4 par semestre","Frais de dossier (logement, services) de 600€ approx. 2 coef de conversion. Les universités Chinoises n'acceptent pas d'étudiants de nationalité Chinoise en échange internationaux.","C3","OUI","","OUI","OUI","OUI","OUI","OUI","OUI","OUI","","","","OUI","OUI","OUI","OUI","","OUI","OUI","OUI","OUI","","",""
"ASIE","COREE DU SUD","SUWON","AJOU UNIVERSITY","Accord spécifique / MoA","6","Sept-Dec (S1) / Mars-Juin (S2)","C2","OUI","","OUI","","OUI","OUI","","OUI","","","OUI","","","OUI","","","","","","","","","",""
"ASIE","JAPON","GUNMA","GUNMA UNIVERSITY
Graduate School of Engineering","Accord spécifique / MoA","5","","C2","OUI","JAP","","OUI","","","OUI","OUI","","","","","","OUI","","OUI","","OUI","OUI","","","","",""
"ASIE","JAPON","KYOTO","KYOTO UNIVERSITY OF ADVANCED SCIENCE","Accord spécifique / MoA","5","","C1","OUI","","","OUI","","","OUI","","","","","OUI","","","OUI","OUI","","OUI","OUI","","","","",""
"ASIE","JAPON","NARA","NARA INSTITUTE OF SCIENCE AND  TECHNOLOGY (NAIST)","Accord spécifique / MoA","3","Semestre d'étude et stage E5 compris. Nécessité d'avoir un projet de poursuite en thèse de doctorat.","C1","OUI","","","OUI","","","OUI","OUI","OUI","","OUI","","","OUI","","","","","","","","","",""
"ASIE","MALAISIE","PUTRAJAYA","HERIOT-WATT UNIVERSITY - Malaysia Campus","Accord spécifique / MoA","50","Programme payant : M.Sc. - 1 semestre payant (voir site université) - Test de TOEFL nécessaire pour les cours de la school of management
Anglais niveau B2 requis. Les attestations de langues ANGLAIS - Niveau B2 suffisent
Validité passeport : La durée de validité du passeport doit être supérieure à 18 mois à compter de la date de début du programme.
Depuis 2024 un nouveau type de visa permet d'étudier une année complète pour un avoir un Master.","C2","OUI","","","OUI","","","OUI","MGT","MGT","MGT","MGT","OUI","OUI","MGT","MGT","MGT","OUI","OUI","MGT","OUI","MGT","MGT","OUI","OUI"
"ASIE","TAIWAN","TAIPEI","NATIONAL TAIPEI UNIVERSITY OF TECHNOLOGY","Accord spécifique / MoA","6","","C1","OUI","","OUI","OUI","OUI","OUI","OUI","OUI","OUI","OUI","OUI","OUI","OUI","OUI","OUI","OUI","","OUI","OUI","OUI","OUI","OUI","OUI",""
"ASIE","THAILANDE","PATHUMTHANI","SIRINDHORN INTERNATIONAL INSTITUTE OF  TECHNOLOGY, THAMMASAT UNIVERSITY","Accord spécifique / MoA","5","Pour les départs en E4 :
Début août - Fin décembre
Pour la filière GI  : Profil GI managers","C3","OUI","","OUI","","OUI","","","OUI","","OUI","OUI","OUI","","OUI","OUI","OUI","","","","","","","",""
"ASIE","THAILANDE","PATHUMTHANI","SIRINDHORN INTERNATIONAL INSTITUTE OF  TECHNOLOGY, THAMMASAT UNIVERSITY","Accord spécifique / MoA","Voir ci- dessus","Pour les départs en E5 :
Début août - Fin décembre
Pour la filière GI  : Profil GI managers","C3","OUI","","","OUI","","","OUI","MGT","MGT","MGT","MGT","MGT","OUI","MGT","MGT","MGT","OUI","OUI","OUI","OUI","OUI","OUI","MGT","OUI"
"EUROPE","ALBANIE","TIRANA","METROPOLITAN TIRANA UNIVERSITY","Accord spécifique / MoA","3","","C3","OUI","","OUI","","","OUI","","OUI","","","OUI","","","OUI","","","","","","","","","",""
"EUROPE","ALLEMAGNE","BERLIN","TECHNISCHE UNIVERSITÄT BERLIN","Erasmus+ Etudes (SMS)","2","Si les cours sont enseignés en langue anglaise, le niveau minimum d'anglais requis est B2.
Si les cours sont enseignés en langue allemande, le niveau minimum d'allemand requis est B1 (pour l'inscription, un certificat A2.2 est accepté mais l'étudiant devra fournir un certificat B1 avant le début du semestre).","C1","OUI","GE","","OUI","","","OUI","","","","","OUI","","","","","","","","","","","",""
"EUROPE","ALLEMAGNE","DRESDE","TECHNISCHE UNIVERSITÄT DRESDEN
Faculty of Electrical and Computer Engineering","Erasmus+ Etudes (SMS)","2","Les cours sont enseignés en langue allemande, le niveau minimum d'allemand requis est B1.","C1","","GE","","OUI","","","OUI","OUI","","OUI","OUI","","","OUI","","","","","","","","","",""
"EUROPE","ALLEMAGNE","DRESDE","TECHNISCHE UNIVERSITÄT DRESDEN
Faculty of Electrical and Computer Engineering","Erasmus+ Etudes (SMS)","voir ci- dessus","Les cours sont enseignés en langue anglaise, le niveau minimum d'anglais requis est B1/B2.","C1","OUI","","","OUI","","","OUI","OUI","","","","","","OUI","","OUI","","","","","","","",""
"EUROPE","ALLEMAGNE","DÜSSELDORF","HOCHSCHULE DÜSSELDORF - University of  Applied Sciences
Faculty of Mechanical and Process Engineering","Erasmus+ Etudes (SMS)","2","Si les cours sont enseignés en langue allemande, le niveau minimum d'allemand requis est B1.
Si les cours sont enseignés en langue anglaise, le niveau minimum d'anglais requis est B2.
Si les cours sont enseignés dans les deux langues, le niveau minimum d'allemand requis est B1 et le niveau minimum d'anglais requis est B2.","C1","OUI","GE","OUI","OUI","","OUI","OUI","","","","","OUI","OUI","","","","","","","","","","",""
"EUROPE","ALLEMAGNE","FRIBOURG","ALBERT-LUDWIGS UNIVERSITÄT FREIBURG","Erasmus+ Etudes (SMS)","4","Si les cours sont enseignés en langue allemande, le niveau minimum d'allemand requis est B1. Si les cours sont enseignés en langue anglaise, le niveau minimum d'anglais requis est B1.
Si les cours sont enseignés dans les deux langues, le niveau minimum d'allemand requis est B1 et le
niveau minimum d'anglais requis est B1.","C2","OUI","GE","OUI","OUI","","OUI","OUI","OUI","","OUI","","","","OUI","","","","","","","","","",""
"EUROPE","ALLEMAGNE","LÜBECK","TECHNISCHE HOCHSCHULE LÜBECK","Erasmus+ Etudes (SMS)","2","Si les cours sont enseignés en langue allemande, le niveau minimum d'allemand requis est B1.
Si les cours sont enseignés en langue anglaise, le niveau minimum d'anglais requis est B2.
Si les cours sont enseignés dans les deux langues, le niveau minimum d'allemand requis est B1 et le niveau minimum d'anglais requis est B2.","C2","OUI","GE","","OUI","","","OUI","","","","","OUI","OUI","","","","","OUI","","OUI","OUI","","OUI",""
"EUROPE","ALLEMAGNE","LÜBECK","TECHNISCHE HOCHSCHULE LÜBECK","Erasmus+ Etudes (SMS)","voir ci- dessus","Si les cours sont enseignés en langue allemande, le niveau minimum d'allemand requis est B1. Si les cours sont enseignés en langue anglaise, le niveau minimum d'anglais requis est B2.
Si les cours sont enseignés dans les deux langues, le niveau minimum d'allemand requis est B1 et le
niveau minimum d'anglais requis est B2.","C2","OUI","GE","OUI","","","OUI","","","","","","OUI","","","","","","","","","","","",""
"EUROPE","ALLEMAGNE","REUTLINGEN","HOCHSCHULE REUTLINGEN","Erasmus+ Etudes (SMS)","4","Si les cours sont enseignés en langue anglaise, le niveau minimum d'anglais requis est B2.
Si les cours sont enseignés en langue allemande, le niveau minimum d'allemand requis est B2.","C2","OUI","GE","OUI","OUI","","OUI","OUI","","","","","","","","OUI","OUI","","OUI","OUI","","","","",""
"EUROPE","AUTRICHE","VIENNE","TU WIEN
Faculty of Electrical Engineering and Information  Technology","Erasmus+ Etudes (SMS)","2","10-15% des cours sont dispensés en anglais.
Pour les cours enseignés en langue allemande, le niveau minimum d'allemand requis est B1. Pour les cours enseignés en langue anglaise, le niveau minimum d'anglais requis est B1.","C1","","GE","OUI","OUI","","OUI","OUI","OUI","OUI","","OUI","OUI","","OUI","OUI","OUI","","OUI","OUI","","OUI","","OUI",""
"EUROPE","BELGIQUE","BRUXELLES","UNIVERSITÉ LIBRE DE BRUXELLES
Ecole Polytechnique de Bruxelles","Erasmus+ Etudes (SMS)","3","","C1","","FR","OUI","OUI","OUI","OUI","OUI","OUI","","OUI","OUI","","OUI","OUI","OUI","OUI","","OUI","OUI","OUI","","OUI","",""
"EUROPE","BELGIQUE","MONS","UNIVERSITÉ DE MONS
Faculté polytechnique","Erasmus+ Etudes (SMS)","3","Pour les cours enseignés en langue anglaise, le niveau minimum d'anglais requis est B1.","C1","OUI","FR","OUI","OUI","OUI","OUI","OUI","OUI","","OUI","OUI","OUI","","OUI","OUI","OUI","","OUI","OUI","","OUI","OUI","OUI",""
"EUROPE","CHYPRE","NICOSIE","UNIVERSITY OF CYPRUS
Department of Electrical and Computer Engineering","Erasmus+ Etudes (SMS)","3","Pour les cours enseignés en langue anglaise, le niveau minimum d'anglais requis est B2. M.Sc. Intelligent Critical Infrastructure Systems
M.Sc. Electrical and Computer Engineering","C2","OUI","","OUI","OUI","OUI","","OUI","OUI","","","","","","OUI","","","","OUI","","","OUI","","",""
"EUROPE","ESPAGNE","BARCELONE","LA SALLE - UNIVERSITAT DE RAMON LLULL","Erasmus+ Etudes (SMS)","2","GPA : minimum de 2.5 / 4.0
Pour les cours enseignés en langue anglaise, le niveau minimum d'anglais requis est B2. Programme proposé : International Computer Engineering","C1/2","OUI","","OUI","","OUI","","","OUI","","","OUI","","","OUI","OUI","OUI","","","","","","","",""
"EUROPE","ESPAGNE","BARCELONE","LA SALLE - UNIVERSITAT DE RAMON LLULL","Erasmus+ Etudes (SMS)","Voir ci- dessus","GPA : minimum de 2.5 / 4.0
Les cours sont enseignés dans les deux langues (anglais et espagnol/catalan), le niveau minimum d'espagnol/catalan requis est B2 et le niveau minimum d'anglais requis est B2.
Programme proposé : Management of ICT engineering","C2","OUI","ESP/CAT","","OUI","","","OUI","MGT","MGT","MGT","MGT","MGT","MGT","MGT","MGT","MGT","OUI","OUI","MGT","MGT","MGT","MGT","MGT","OUI"
"EUROPE","ESPAGNE","BARCELONE","UNIVERSITAT POLITECNICA DE CATALUNYA  -  ESEIAAT
Escola Superior d'Enginyeries Industrial, 
Aeroespacial i Audivisual de Terrassa","Erasmus+ Etudes (SMS)","3","Si les cours sont enseignés en langue anglaise, le niveau minimum d'anglais requis est B2.
Si les cours sont enseignés en langue espagnole/catalane, le niveau minimum d'espagnol/catalan requis est B1.","C2","OUI","ESP/CAT","OUI","OUI","OUI","OUI","OUI","OUI","","","","","OUI","OUI","OUI","","","OUI","OUI","OUI","OUI","","",""
"EUROPE","ESPAGNE","BARCELONE","UNIVERSITAT POLITECNICA DE CATALUNYA -  ETSETB
Escola Tècnica Superior d'Enginyeria de 
Telecomunicació de Barcelona","Erasmus+ Etudes (SMS)","4","Si les cours sont enseignés en langue anglaise, le niveau minimum d'anglais requis est B2.
Si les cours sont enseignés en langue espagnole/catalane, le niveau minimum d'espagnol/catalan requis est B1.","C1/2","OUI","ESP/CAT","OUI","OUI","OUI","OUI","OUI","OUI","","OUI","OUI","","","","","OUI","","OUI","OUI","","","OUI","",""
"EUROPE","ESPAGNE","BARCELONE","UNIVERSITAT POLITECNICA DE CATALUNYA –  FIB
Facultat d'Informàtica de Barcelona","Erasmus+ Etudes (SMS)","2","Si les cours sont enseignés en langue anglaise, le niveau minimum d'anglais requis est B1/B2.
Si les cours sont enseignés en langue espagnole/catalane, le niveau minimum d'espagnol/catalan requis est B1.","C1","OUI","ESP/CAT","OUI","OUI","OUI","OUI","OUI","OUI","","OUI","OUI","","","OUI","","","","OUI","","","OUI","OUI","",""
"EUROPE","ESPAGNE","ELCHE","UNIVERSIDAD MIGUEL HERNANDEZ DE ELCHE","Erasmus+ Etudes (SMS)","4","Pour les cours enseignés en langue espagnole le niveau minimum d'espagnol requis est B1 (pour l'inscription, un certificat A2 est accepté mais l'étudiant devra fournir un certificat B1 avant le début du semestre.","C3","","ESP","OUI","OUI","","OUI","OUI","","OUI","","","OUI","OUI","","OUI","OUI","","OUI","OUI","OUI","","","OUI",""
"EUROPE","ESPAGNE","MADRID","UNIVERSIDAD PONTIFICIA COMILLAS
ICAI School of Engineering","Erasmus+ Etudes (SMS)","4","Les cours sont enseignés en langue espagnole le niveau minimum d'espagnol requis est B1.","C1","","ESP","OUI","OUI","OUI","","OUI","OUI","","OUI","OUI","OUI","OUI","OUI","OUI","OUI","OUI","OUI","OUI","OUI","OUI","OUI","OUI","OUI"
"EUROPE","ESPAGNE","PAMPELUNE","UNIVERSIDAD PÚBLICA DE NAVARRA","Erasmus+ Etudes (SMS)","3","Les cours sont enseignés en langue espagnole le niveau minimum d'espagnol requis est B1.","C2","","ESP","OUI","OUI","OUI","","OUI","OUI","","","OUI","","","OUI","","","","OUI","OUI","","OUI","OUI","",""
"EUROPE","ESPAGNE","SALAMANQUE","UNIVERSIDAD DE SALAMANCA
Faculty of Science","Erasmus+ Etudes (SMS)","1","Les cours sont enseignés en langue espagnole le niveau minimum d'espagnol requis est B1.","C2","","ESP","OUI","","OUI","","","OUI","","","","","","OUI","","","","","","","","","",""
"EUROPE","HONGRIE","BUDAPEST","BUDAPEST UNIVERSITY OF TECHNOLOGY &  ECONOMICS","Erasmus+ Etudes (SMS)","2","Pour les cours enseignés en langue anglaise, le niveau minimum d'anglais requis est B2.","C2/3","OUI","","OUI","OUI","OUI","OUI","OUI","OUI","","OUI","","OUI","","OUI","OUI","OUI","","OUI","OUI","","OUI","OUI","OUI",""
"EUROPE","ITALIE","BOLOGNA","ALMA MATER STUDIORUM - UNIVERSITÀ DI  BOLOGNA
Facultà di Ingegniera","Erasmus+ Etudes (SMS)","7","Pour les cours enseignés en langue anglaise, le niveau minimum d'anglais requis est B2. Pour les cours enseignés en langue italienne, le niveau minimum d'Italien requis est A2.
Min. 50% des cours imposé au Dpt ""Engineering & Architecture"" Lauree Magistrale / Second cycle degree
- Programmes in Ingegneria are in English
- Programmes in Computer Science and in Industrial Engineering are in Italian
- Biotechnology is in Cesena Campus, in Italian, Bio-Informatics is in English in Bologna campus","C2","OUI","IT","OUI","OUI","","OUI","OUI","IT","OUI","","IT","OUI","IT","IT","OUI","OUI","","","","","","","",""
"EUROPE","ITALIE","MILAN","POLITECNICO DI MILANO","Erasmus+ Etudes (SMS)","5 + 4 en MGT","Cette destination dépasse la durée du semestre initial et nécessite aux apprentis de poser des congés ou d'obtenir l'accord de leur entreprise.
Pour les cours enseignés en langue anglaise, le niveau minimum d'anglais requis est B2. Pour les cours enseignés en langue italienne, le niveau minimum d'italien requis est B1.
Si les cours sont enseignés dans les deux langues, le niveau minimum d'anglais requis est B2 et le
niveau minimum d'italien requis est B1.","C1","OUI","IT","OUI","OUI","","OUI","OUI","OUI","OUI","OUI","OUI","OUI","OUI","OUI","OUI","OUI","OUI","OUI","OUI","OUI","OUI","OUI","OUI","OUI"
"EUROPE","ITALIE","ROME","UNIVERSITÀ DEGLI STUDI DI ROMA TOR  VERGATA","Erasmus+ Etudes (SMS)","6 par semestre","Pour les cours enseignés en langue anglaise, le niveau minimum d'anglais requis est B2. Pour les cours enseignés en langue italienne, le niveau minimum d'italien requis est B1.
Si les cours sont enseignés dans les deux langues, le niveau minimum d'anglais requis est B2 et le
niveau minimum d'italien requis est B1.","C1","OUI","IT","OUI","OUI","","OUI","OUI","","","","","","","","OUI","OUI","","","","","","","",""
"EUROPE","ITALIE","ROME","UNIVERSITÀ DEGLI STUDI DI ROMA “La Sapienza”","Erasmus+ Etudes (SMS)","3","Pour les cours enseignés en langue anglaise, le niveau minimum d'anglais requis est B1.
Pour les cours enseignés en langue italienne, le niveau minimum d'italien requis est B1.
Si les cours sont enseignés dans les deux langues, le niveau minimum d'anglais requis est B1 et le niveau minimum d'italien requis est B1.","C2","OUI","IT","","OUI","","","OUI","OUI","IT","OUI","OUI","OUI","OUI","OUI","","","","","","","","","",""
"EUROPE","ITALIE","TURIN","UNIVERSITA DEGLI STUDI DI TORINO","Erasmus+ Etudes (SMS)","2","Pour les cours enseignés en langue anglaise, le niveau minimum d'anglais requis est B1. Pour les cours enseignés en langue italienne, le niveau minimum d'italien requis est B1.
Si les cours sont enseignés dans les deux langues, le niveau minimum d'anglais requis est B1 et le
niveau minimum d'italien requis est B1.","C2","OUI","IT","","OUI","","","OUI","OUI","","OUI","OUI","","","OUI","","","","OUI","","","OUI","OUI","",""
"EUROPE","ITALIE","TURIN","POLITECNICO DI TORINO","Erasmus+ Etudes (SMS)","2 ENE
2 SE/SEI","Pour les cours enseignés en langue anglaise, le niveau minimum d'anglais requis est B2.","C1","OUI","","OUI","OUI","","OUI","OUI","","","","","OUI","","","OUI","OUI","","","","","","","",""
"EUROPE","ITALIE","UDINE","UNIVERSITÀ DEGLI STUDI DI UDINE","Erasmus+ Etudes (SMS)","3","Pour les cours enseignés en langue anglaise, le niveau minimum d'anglais requis est B1. Pour les cours enseignés en langue italienne, le niveau minimum d'italien requis est B1.
Si les cours sont enseignés dans les deux langues, le niveau minimum d'anglais requis est B1 et le
niveau minimum d'italien requis est B1.","C1","OUI","IT","","OUI","","","OUI","OUI","IT","OUI","OUI","OUI","OUI","OUI","","OUI","","","","","","","",""
"EUROPE","LETTONIE","RIGA","RIGA TECHNICAL UNIVERSITY","Erasmus+ Etudes (SMS)","3","Pour les cours enseignés en langue anglaise, le niveau minimum d'anglais requis est B2.","C2","OUI","","OUI","OUI","OUI","","OUI","OUI","","OUI","OUI","","","OUI","OUI","OUI","","OUI","OUI","","OUI","OUI","",""
"EUROPE","NORVÈGE","OSLO","OSLOMET - OSLO METROPOLITAN UNIVERSITY,  FACULTY OF TECHNOLOGY, ART AND DESIGN","Erasmus+ Etudes (SMS)","5","Pour les cours enseignés en langue anglaise, le niveau minimum d'anglais requis est B1.
- Programme ""European Project Semester""
- MSc ""Accessibility & Digital Communication""","C2","OUI","","","OUI","","","OUI","OUI","OUI","OUI","OUI","OUI","OUI","OUI","OUI","OUI","OUI","OUI","OUI","OUI","OUI","OUI","OUI","OUI"
"EUROPE","PAYS-BAS","GRONINGEN","UNIVERSITY OF GRONINGEN
Faculty of Science and Engineering","Erasmus+ Etudes (SMS)","2","Pour les cours enseignés en langue anglaise, le niveau minimum d'anglais requis est B2/C1.","C1","OUI","","OUI","OUI","OUI","OUI","OUI","OUI","","OUI","OUI","","","OUI","","","","OUI","","","OUI","OUI","",""
"EUROPE","POLOGNE","LODZ","TECHNICAL UNIVERSITY OF LODZ
International Faculty of Engineering","Erasmus+ Etudes (SMS)","12","Les cours sont enseignés en langue anglaise, le niveau minimum d'anglais requis est B1+/B2.","C2","OUI","","OUI","OUI","","OUI","OUI","OUI","OUI","OUI","OUI","OUI","OUI","OUI","OUI","OUI","","OUI","OUI","OUI","OUI","OUI","OUI",""
"EUROPE","POLOGNE","LUBLIN","LUBLIN UNIVERSITY OF TECHNOLOGY","Erasmus+ Etudes (SMS)","3","Pour les cours enseignés en langue anglaise, le niveau minimum d'anglais requis est B1.","C2","OUI","","OUI","OUI","OUI","","OUI","OUI","","","OUI","","","OUI","OUI","OUI","","OUI","","","OUI","OUI","",""
"EUROPE","POLOGNE","VARSOVIE","WARSAW  UNIVERSITY OF TECHNOLOGY
Faculty of Electronics and Information Technology","Erasmus+ Etudes (SMS)","2","Les cours sont enseignés en langue anglaise, le niveau minimum d'anglais requis est B2.","C3","OUI","","OUI","OUI","","OUI","OUI","OUI","","OUI","OUI","","","OUI","OUI","","OUI","OUI","OUI","","OUI","OUI","",""
"EUROPE","POLOGNE","WROCLAW","WROCLAW UNIVERSITY OF SCIENCE AND  TECHNOLOGY","Erasmus+ Etudes (SMS)","4","Les cours sont enseignés en langue anglaise, le niveau minimum d'anglais requis est B2.","C2","OUI","","OUI","OUI","","OUI","OUI","OUI","OUI","OUI","OUI","OUI","","OUI","OUI","OUI","","OUI","OUI","","OUI","OUI","OUI",""
"EUROPE","PORTUGAL","FARO","UNIVERSIDADE DO ALGARVE","Erasmus+ Etudes (SMS)","2","Pour les cours enseignés en langue anglaise, le niveau minimum d'anglais requis est B1.
Pour les cours enseignés en langue portugaise, le niveau minimum de portugais requis est B1. INF : Informatique (cours en anglais et en portugais)
ENE : Master in Urban Water Cycle (cours en anglais et en portugais)
Autres: en Portugais si trop peu d'élèves Erasmus+","C3","OUI","POR","OUI","OUI","OUI","OUI","OUI","OUI","","","OUI","OUI","","OUI","","OUI","","OUI","","","OUI","","OUI",""
"EUROPE","PORTUGAL","PORTO","UNIVERSIDADE DO PORTO
Faculty of Engineering","Erasmus+ Etudes (SMS)","2","Pour les cours enseignés en langue anglaise, le niveau minimum d'anglais requis est B2.
Pour les cours enseignés en langue portugaise, le niveau minimum de portugais requis est B2.","C3","OUI","POR","OUI","OUI","OUI","OUI","OUI","","","","","OUI","","","OUI","OUI","","OUI","OUI","","","","OUI",""
"EUROPE","RÉPUBLIQUE TCHÈQUE","BRNO","BRNO UNIVERSITY OF TECHNOLOGY - FEEC
Faculty of Electrical Engineering and Communication","Erasmus+ Etudes (SMS)","8","Les cours sont enseignés en langue anglaise, le niveau minimum d'anglais requis est B2.","C3","OUI","","OUI","OUI","","OUI","OUI","","","","","OUI","","","OUI","OUI","","OUI","OUI","","","","OUI",""
"EUROPE","RÉPUBLIQUE TCHÈQUE","BRNO","BRNO UNIVERSITY OF TECHNOLOGY - FIT
Faculty of Information Technology","Erasmus+ Etudes (SMS)","5","Les cours sont enseignés en langue anglaise, le niveau minimum d'anglais requis est B2.","C3","OUI","","OUI","OUI","","OUI","OUI","OUI","","OUI","OUI","","","OUI","OUI","","","OUI","OUI","","OUI","OUI","",""
"EUROPE","RÉPUBLIQUE TCHÈQUE","BRNO","BRNO UNIVERSITY OF TECHNOLOGY - FME
Faculty of Mechanical Engineering","Erasmus+ Etudes (SMS)","2","Les cours sont enseignés en langue anglaise, le niveau minimum d'anglais requis est B2.","C3","OUI","","OUI","OUI","","OUI","OUI","","","","","OUI","OUI","","","","","OUI","","OUI","","","OUI",""
"EUROPE","RÉPUBLIQUE TCHÈQUE","BRNO","MASARYK UNIVERSITY","Erasmus+ Etudes (SMS)","2","Les cours sont enseignés en langue anglaise, le niveau minimum d'anglais requis est B2.","C2","OUI","","OUI","OUI","OUI","OUI","OUI","OUI","","OUI","OUI","","","OUI","OUI","","","OUI","OUI","","OUI","OUI","",""
"EUROPE","RÉPUBLIQUE TCHÈQUE","PILSEN","UNIVERSITY OF WEST BOHEMIA PILSEN
Faculty of Applied Sciences","Erasmus+ Etudes (SMS)","5","Les cours sont enseignés en langue anglaise, le niveau minimum d'anglais requis est B1/B2.","C3","OUI","","OUI","OUI","","OUI","OUI","OUI","OUI","","OUI","","","OUI","","","","OUI","","","OUI","","",""
"EUROPE","RÉPUBLIQUE TCHÈQUE","PILSEN","UNIVERSITY OF WEST BOHEMIA PILSEN
Faculty of Electrical Engineering","Erasmus+ Etudes (SMS)","8","Les cours sont enseignés en langue anglaise, le niveau minimum d'anglais requis est B1/B2.","C3","OUI","","OUI","OUI","","OUI","OUI","","","","","OUI","","","OUI","OUI","","OUI","OUI","","OUI","OUI","OUI",""
"EUROPE
EUROPE","ROUMANIE","TIMISOARA","UNIVERSITATEA POLITEHNICA DIN TIMISOARA","Erasmus+ Etudes (SMS)","4","Les cours sont enseignés en langue anglaise, le niveau minimum d'anglais requis est B1.","C3","OUI","","OUI","OUI","","OUI","OUI","OUI","OUI","OUI","OUI","","","OUI","OUI","OUI","","OUI","OUI","","OUI","OUI","",""
"","ROYAUME-UNI","EDIMBOURG","HERIOT-WATT UNIVERSITY - Edinburgh Campus","Accord spécifique / MoA","non limité","Programme payant : réduction sur le tarif public d'un semestre de M.Sc. Le code de réduction est
fourni par le partenaire.
TOEFL ou IELT obligatoire pour les programmes de la school of management Anglais niveau B2 requis. Les attestations de langues ANGLAIS - Niveau B2 suffisent","C2","OUI","","","OUI","","","OUI","OUI","OUI","OUI","OUI","OUI","OUI","OUI","OUI","OUI","OUI","OUI","OUI","OUI","OUI","OUI","OUI",""
"EUROPE","ROYAUME-UNI","LES ILES DES ORCADES","HERIOT-WATT UNIVERSITY - Orkney Campus","Accord spécifique / MoA","non limité","Master ""Renewable Energy"" et ""Marine Renewable Energy""
Programme payant avec une réduction sur le tarif public d'un semestre de M.Sc., code de réduction fourni par le partenaire
Anglais niveau B2 requis. Les attestations de langues ANGLAIS - Niveau B2 suffisent","C3","OUI","","","OUI","","","OUI","","","","","OUI","","","","","","OUI","","","","","OUI",""
"EUROPE","SLOVAQUIE","BRATISLAVA","COMENIUS UNIVERSITY IN BRATISLAVA
Faculty of Management","Erasmus+ Etudes (SMS)","3","Les cours sont enseignés en langue anglaise, le niveau minimum d'anglais requis est B1.","C3","OUI","","","OUI","","","OUI","MGT","MGT","MGT","MGT","MGT","MGT","MGT","MGT","MGT","OUI","OUI","MGT","MGT","MGT","MGT","MGT","OUI"
"EUROPE","SUÈDE","SUNDSVALL","MID SWEDEN UNIVERSITY","Erasmus+ Etudes (SMS)","2","Les cours sont enseignés en langue anglaise, le niveau minimum d'anglais requis est B2. Choisir les programmes du campus Sundsvall","C2","OUI","","","OUI","","","OUI","","","","","","","OUI","","","","OUI","","","OUI","","",""
"EUROPE","SUÈDE","SUNDSVALL","MID SWEDEN UNIVERSITY","Erasmus+ Etudes (SMS)","2","Les cours sont enseignés en langue anglaise, le niveau minimum d'anglais requis est B2. Choisir les programmes du campus Sundsvall","C2","OUI","","","OUI","","","OUI","","","","","OUI","","","OUI","OUI","","OUI","OUI","","","","OUI",""
"EUROPE","TURQUIE","BILKENT","BILKENT UNIVERSITY","Erasmus+ Etudes (SMS)","8","Les cours sont enseignés en langue anglaise, le niveau minimum d'anglais requis est B2.","C3","OUI","","OUI","OUI","OUI","","OUI","OUI","","OUI","OUI","","","OUI","OUI","","","OUI","OUI","","OUI","OUI","",""
"EUROPE","TURQUIE","ISTANBUL","ISTANBUL TECHNICAL UNIVERSITY","Erasmus+ Etudes (SMS)","2","Les cours sont enseignés en langue anglaise, le niveau minimum d'anglais requis est B1.
- Electronics and Communications Engineering (2 places)","C2","OUI","","OUI","OUI","","OUI","OUI","","","","","","","","","OUI","","OUI","OUI","","","","",""
"EUROPE","TURQUIE","ISTANBUL","ISTANBUL TECHNICAL UNIVERSITY","Erasmus+ Etudes (SMS)","3","Les cours sont enseignés en langue anglaise, le niveau minimum d'anglais requis est B1.
- Information and Communications Engineering (2 places)
- Cybersecurity Engineering and Cryptography (1 place)","C2","OUI","","OUI","OUI","","OUI","OUI","OUI","OUI","OUI","OUI","","","OUI","","","","OUI","","","OUI","OUI","",""
"EUROPE","TURQUIE","IZMIR","DOKUZ EYLUL UNIVERSITY 
Faculty of Engineering - Department of Mechanical  Engineering and Energy","Erasmus+ Etudes (SMS)","2","Pour les cours enseignés en langue turque, le niveau minimum de turque requis est B1. Pour les cours enseignés en langue anglaise, le niveau minimum d'anglais requis est B1.","C2","OUI","TR","","OUI","","","OUI","","","","","OUI","OUI","OUI","OUI","OUI","","OUI","OUI","OUI","OUI","","OUI",""
"EUROPE","TURQUIE","IZMIR","IZMIR INSTITUTE OF TECHNOLOGY İYTE","Erasmus+ Etudes (SMS)","4","Pour les cours enseignés en langue turque, le niveau minimum de turque requis est B1. Pour les cours enseignés en langue anglaise, le niveau minimum d'anglais requis est B1.","C2","OUI","TR","","OUI","","","OUI","","OUI","","","OUI","","OUI","OUI","OUI","","OUI","OUI","","OUI","","OUI",""
"EUROPE","TURQUIE","IZMIR","YASAR UNIVERSITESI","Erasmus+ Etudes (SMS)","2","Pour les cours enseignés en langue turque, le niveau minimum de turque requis est B1. Pour les cours enseignés en langue anglaise, le niveau minimum d'anglais requis est B2.","C3","OUI","TR","OUI","OUI","OUI","OUI","OUI","OUI","","OUI","OUI","OUI","OUI","OUI","OUI","OUI","","OUI","OUI","OUI","OUI","OUI","OUI",""
"MOYEN-ORIENT","EMIRATS ARABES UNIS","DUBAI","HERIOT-WATT UNIVERSITY - Dubai Campus","Accord spécifique / MoA","non limité","Programme payant : 1 semestre = reduction sur le tarif annuel public,  code de réduction fourni par le partenaire - Test de TOEFL nécessaire pour les cours de la school of management.
Anglais niveau B2 requis. Les attestations de langues ANGLAIS - Niveau B2 suffisent","C3","OUI","","","OUI","","","OUI","OUI","","OUI","OUI","OUI","OUI","OUI","","","OUI","OUI","","OUI","OUI","OUI","OUI",""
